Name,Category,Territory (lord),County,First mention (year),Preservation today
Viljandi ordulinnus,Order castle,Livonian Order,Viljandi,1224,Ruins
Toompea (Tallinn) ordulinnus,Order castle,Livonian Order,Harju,1227,Preserved
Karksi ordulinnus,Order castle,Livonian Order,Viljandi,1248,Ruins
Rakvere ordulinnus,Order castle,Livonian Order,Lääne-Viru,1252,Ruins
Narva Hermanni linnus,Order castle,Livonian Order,Ida-Viru,1256,Preserved
Paide ordulinnus,Order castle,Livonian Order,Järva,1265,Ruins
Pärnu ordulinnus,Order castle,Livonian Order,Pärnu,1265,Destroyed
Põltsamaa ordulinnus,Order castle,Livonian Order,Jõgeva,1272,Ruins
Tarvastu ordulinnus,Order castle,Livonian Order,Viljandi,1341,Ruins
Kursi ordulinnus,Order castle,Livonian Order,Jõgeva,1343,Destroyed
Maasilinna ordulinnus,Order castle,Livonian Order,Saare,1345,Ruins
Vasknarva ordulinnus,Order castle,Livonian Order,Ida-Viru,1349,Ruins
Laiuse ordulinnus,Order castle,Livonian Order,Jõgeva,1406,Ruins
Toolse ordulinnus,Order castle,Livonian Order,Lääne-Viru,1471,Ruins
Otepää piiskopilinnus,Bishop castle,Bishopric of Tartu,Valga,1224,Ruins
Tartu piiskopilinnus,Bishop castle,Bishopric of Tartu,Tartu,1224,Destroyed
Lihula piiskopilinnus,Bishop castle,Bishopric of Saare-Lääne,Pärnu,1238,Ruins
Vana-Pärnu piiskopilinnus,Bishop castle,Bishopric of Saare-Lääne,Pärnu,1251,Destroyed
Haapsalu piiskopilinnus,Bishop castle,Bishopric of Saare-Lääne,Lääne,1265,Ruins
Kirumpää piiskopilinnus,Bishop castle,Bishopric of Tartu,Võru,1322,Destroyed
Vastseliina piiskopilinnus,Bishop castle,Bishopric of Tartu,Võru,1342,Ruins
Kuressaare piiskopilinnus,Bishop castle,Bishopric of Saare-Lääne,Saare,1381,Preserved
Uue-Kastre piiskopilinnus,Bishop castle,Bishopric of Tartu,Tartu,1392,Destroyed
Kiviloo piiskopilinnus,Bishop castle,Bishopric of Tallinn,Harju,1413,Ruins
Koluvere piiskopilinnus,Bishop castle,Bishopric of Saare-Lääne,Lääne,1421,Preserved
Porkuni piiskopilinnus,Bishop castle,Bishopric of Tallinn,Lääne-Viru,1477,Ruins
Rõngu vasallilinnus,Vassal castle,Vassals of Tartu bishop,Tartu,1413,Ruins
Vigala vasallilinnus,Vassal castle,Vassals of Saare-Lääne bishop,Rapla,1453,Ruins
Sõmerpalu vasallilinnus,Vassal castle,Vassals of Tartu bishop,Võru,1456,Destroyed
Virtsu vasallilinnus,Vassal castle,Vassals of Saare-Lääne bishop,Pärnu,1465,Ruins
Rannu vasallilinnus,Vassal castle,Vassals of Tartu bishop,Tartu,1471,Destroyed
Edise vasallilinnus,Vassal castle,Vassals of the Order,Ida-Viru,1477,Ruins
Kalvi vasallilinnus,Vassal castle,Vassals of the Order,Lääne-Viru,1485,Ruins
Vääna vasallilinnus,Vassal castle,Vassals of the Order,Harju,1500,Ruins
Kiiu vasallilinnus,Vassal castle,Vassals of the Order,Harju,1520,Preserved
Purtse vasallilinnus,Vassal castle,Vassals of the Order,Ida-Viru,1533,Preserved
