Timestamp,First name,age,Gender,Points in the competition,Level
9/13/2024 11:25:24,Mati,25,M,37,Beginners
9/13/2024 11:25:46,Kati,30,N,51,Beginners
9/13/2024 11:29:42,Mai,21,N,27,Beginners
9/13/2024 11:29:53,Madis,19,M,97,Advanced
9/13/2024 11:34:48,Mait,21,M,10,Advanced
9/17/2024 10:39:15,Maarja,22,N,67,Advanced
9/17/2024 10:49:32,Mari,26,N,15,Beginners
9/17/2024 10:50:21,David,27,M,100,Beginners
9/20/2024 10:24:33,Mihkel Tiip,17,M,99,Advanced
9/20/2024 11:19:31,Katrin,18,N,95,Advanced